,rooms,bedrooms,population,households,value,inland
0,880,129.0,322.0,126,452600,0
1,7099,1106.0,2401.0,1138,358500,0
2,1467,190.0,496.0,177,352100,1
3,1274,235.0,558.0,219,341300,1
4,1627,280.0,565.0,259,342200,1
5,1966,347.0,793.0,331,152500,1
6,919,213.0,413.0,193,269700,1
7,2535,489.0,1094.0,514,299200,1
8,3104,687.0,1157.0,647,241400,0
9,2555,665.0,1206.0,595,226700,0
10,3549,707.0,1551.0,714,261100,1
11,2202,434.0,910.0,402,281500,0
12,3503,752.0,1504.0,734,241800,1
13,2491,474.0,1098.0,468,213500,0
15,2643,626.0,1212.0,620,159200,1
16,1120,283.0,697.0,264,140000,0
18,1228,293.0,648.0,303,155500,1
19,2239,455.0,990.0,419,158700,0
20,1503,298.0,690.0,275,162900,1
21,751,184.0,409.0,166,147500,1
22,1639,367.0,929.0,366,159800,1
23,2436,541.0,1015.0,478,113900,0
24,1688,337.0,853.0,325,99700,1
25,2224,437.0,1006.0,422,132600,1
26,535,123.0,317.0,119,107500,0
27,1130,244.0,607.0,239,93800,0
28,1898,421.0,1102.0,397,105500,1
29,2082,492.0,1131.0,473,108900,0
30,729,160.0,395.0,155,132000,1
31,1916,447.0,863.0,378,122300,1
32,2153,481.0,1168.0,441,115200,0
33,1922,409.0,1026.0,335,110400,0
34,1655,366.0,754.0,329,104900,0
35,2665,574.0,1258.0,536,109700,1
36,1215,282.0,570.0,264,97200,1
37,1798,432.0,987.0,374,104500,0
38,1511,390.0,901.0,403,103900,1
39,1470,330.0,689.0,309,191400,1
40,2432,715.0,1377.0,696,176000,1
41,1665,419.0,946.0,395,155400,1
42,936,311.0,517.0,249,150000,1
43,713,202.0,462.0,189,118800,0
44,950,202.0,467.0,198,188800,0
45,1443,311.0,660.0,292,184400,0
46,1656,420.0,718.0,382,182300,1
48,1007,312.0,558.0,253,137500,1
49,624,195.0,423.0,160,187500,0
50,946,375.0,700.0,352,112500,0
51,896,453.0,735.0,438,171900,1
52,1868,456.0,1061.0,407,93800,1
53,3221,853.0,1959.0,720,97500,1
54,1630,456.0,1162.0,400,104200,0
55,1170,235.0,701.0,233,87500,1
56,945,243.0,576.0,220,83100,0
57,1238,288.0,622.0,259,87500,0
58,1489,335.0,728.0,244,85300,0
59,1387,341.0,1074.0,304,80300,1
60,158,43.0,94.0,57,60000,1
61,1121,211.0,554.0,187,75700,1
62,135,29.0,86.0,23,75000,1
63,760,190.0,377.0,122,86100,1
64,1224,237.0,521.0,159,76100,1
65,828,182.0,392.0,133,73500,1
66,1010,209.0,604.0,187,78400,1
67,1455,354.0,788.0,332,84400,0
68,1027,244.0,492.0,147,81300,1
69,572,109.0,274.0,82,85000,0
70,2801,644.0,1823.0,611,129200,0
71,768,152.0,392.0,127,82500,0
72,935,297.0,582.0,277,95200,1
73,844,204.0,560.0,152,75000,1
74,12,4.0,18.0,7,67500,1
75,835,161.0,290.0,133,137500,1
76,1237,462.0,762.0,439,177500,0
77,2914,562.0,1236.0,509,102100,0
78,1207,243.0,721.0,207,108300,1
79,1745,374.0,1054.0,325,112500,1
80,684,176.0,344.0,155,131300,0
81,924,289.0,609.0,289,162500,1
82,210,56.0,183.0,56,112500,1
84,386,164.0,346.0,155,137500,0
85,948,184.0,467.0,169,118800,1
86,773,143.0,377.0,115,98200,1
87,880,451.0,582.0,380,118800,1
88,875,348.0,546.0,330,162500,0
89,105,42.0,125.0,39,137500,1
90,249,78.0,396.0,85,500001,0
91,994,392.0,800.0,362,162500,1
92,215,87.0,904.0,88,137500,1
93,96,31.0,191.0,34,162500,0
94,1055,347.0,718.0,302,187500,1
95,1715,623.0,1327.0,467,179200,1
96,5329,2477.0,3469.0,2323,130000,1
97,4596,1331.0,2048.0,1180,183800,1
98,335,107.0,202.0,91,125000,1
99,3682,1270.0,2024.0,1250,170000,1
100,3633,1085.0,1838.0,980,193100,1
101,4656,1414.0,2304.0,1250,257800,1
102,5806,1603.0,2563.0,1497,273400,1
103,854,242.0,389.0,228,237500,1
104,2155,701.0,895.0,613,350000,1
105,5871,1914.0,2689.0,1789,335700,1
106,1509,225.0,674.0,244,313400,1
107,2026,482.0,709.0,456,268500,0
108,1758,460.0,686.0,422,259400,1
109,3481,751.0,1444.0,718,275700,0
110,3337,855.0,1520.0,802,225000,1
111,1424,289.0,550.0,253,262500,1
112,3809,1098.0,1806.0,1022,218500,1
113,3959,1196.0,1749.0,1217,255000,0
114,2376,559.0,939.0,519,224100,0
115,1613,428.0,675.0,422,243100,0
116,1279,287.0,534.0,291,231600,0
117,5022,1750.0,2558.0,1661,218500,0
118,4190,1105.0,1786.0,1037,234100,0
119,2515,399.0,970.0,373,327600,1
120,3175,454.0,1098.0,485,347600,0
121,2576,406.0,794.0,376,366100,1
122,334,54.0,98.0,47,335000,0
123,2800,411.0,1061.0,403,373600,1
124,3529,574.0,1177.0,555,389500,0
125,2612,365.0,901.0,367,391100,0
126,5287,1048.0,2031.0,956,337300,1
127,2935,473.0,1031.0,479,295200,0
128,3424,597.0,1358.0,597,292300,1
129,4991,674.0,1616.0,654,411500,1
130,2211,346.0,844.0,343,311500,0
131,3038,490.0,1140.0,496,325900,1
132,1617,210.0,533.0,194,392600,1
133,2865,460.0,1072.0,443,319300,0
134,5065,788.0,1627.0,766,333300,1
136,1589,223.0,542.0,211,351200,0
137,1791,271.0,661.0,269,368900,1
138,1835,264.0,635.0,263,365900,1
139,1229,181.0,420.0,176,366700,1
140,3770,534.0,1265.0,500,362800,1
141,292,38.0,126.0,52,483300,0
142,2375,333.0,813.0,350,331400,1
143,2964,436.0,1067.0,426,323500,1
144,2833,605.0,1260.0,552,216700,1
145,2254,535.0,951.0,487,233100,1
146,1389,212.0,510.0,224,296400,1
147,1971,335.0,765.0,308,273700,1
148,2183,465.0,1129.0,460,227700,1
149,2286,464.0,1073.0,441,199600,1
150,2721,541.0,1185.0,515,239800,1
151,2024,339.0,756.0,340,270100,1
152,2944,536.0,1034.0,521,302100,0
153,2033,486.0,787.0,459,269500,1
154,1433,229.0,612.0,213,314700,0
155,2927,402.0,1021.0,380,390100,0
156,2315,292.0,861.0,258,410300,0
157,2485,313.0,953.0,327,352400,0
158,1490,238.0,634.0,256,287300,0
159,2814,365.0,878.0,352,348700,0
160,2093,550.0,918.0,483,243800,0
161,888,168.0,360.0,175,211500,0
162,2087,510.0,1197.0,488,218400,0
163,2513,502.0,1048.0,518,269900,0
164,3232,835.0,1373.0,747,218800,1
165,4120,1065.0,1715.0,1015,225000,0
166,2364,792.0,1359.0,722,250000,0
167,1471,469.0,1062.0,413,171400,0
168,2468,864.0,1335.0,773,193800,0
169,1632,492.0,1171.0,429,125000,0
170,1786,526.0,1475.0,460,97500,0
171,629,188.0,742.0,196,125000,0
172,1339,391.0,1086.0,363,138800,0
173,1678,606.0,1645.0,543,116700,0
174,2344,647.0,1710.0,644,151800,0
175,996,228.0,731.0,228,127000,0
176,1591,373.0,1118.0,347,128600,0
177,1586,398.0,1006.0,335,140600,0
178,2046,588.0,1213.0,554,182700,0
179,1192,289.0,772.0,257,146900,0
180,1803,420.0,1321.0,401,122800,0
181,2838,749.0,1487.0,677,169300,0
182,783,184.0,488.0,186,126600,0
183,1590,414.0,949.0,392,127900,0
184,1746,480.0,1149.0,415,123500,0
185,1252,299.0,844.0,280,111900,0
186,5963,1344.0,4367.0,1231,112800,0
187,1783,395.0,1659.0,412,107900,0
188,999,264.0,1011.0,263,137500,0
189,1469,431.0,1464.0,389,105500,0
190,1372,395.0,1237.0,303,95500,0
191,674,180.0,647.0,168,116100,1
192,1626,376.0,1284.0,357,112200,1
193,175,43.0,228.0,55,75000,1
194,461,129.0,381.0,123,112500,0
195,902,237.0,846.0,227,125000,1
196,2373,779.0,1659.0,676,115000,1
197,391,128.0,520.0,138,95000,0
198,1137,301.0,866.0,259,96400,0
199,769,206.0,612.0,183,72000,0
200,472,146.0,415.0,126,71300,1
201,862,215.0,994.0,213,80800,0
202,1920,530.0,1525.0,477,128800,0
203,1420,472.0,1506.0,438,112500,0
204,986,258.0,1008.0,255,119400,0
205,2340,825.0,2813.0,751,118100,0
206,1696,396.0,1481.0,343,122500,0
207,1175,217.0,859.0,219,106300,0
208,2343,574.0,1608.0,523,132500,0
209,610,145.0,425.0,140,122700,0
210,930,199.0,564.0,184,113300,0
211,1487,314.0,961.0,272,109500,0
212,3424,690.0,2273.0,685,164700,0
213,762,190.0,600.0,195,125000,0
214,2366,575.0,1647.0,527,124700,0
215,1826,450.0,1201.0,424,136700,0
216,3049,711.0,2167.0,659,141700,0
217,1640,376.0,939.0,340,150000,1
218,1543,307.0,859.0,292,138800,1
219,2364,557.0,1517.0,516,139200,1
220,1745,409.0,1143.0,386,143800,1
221,2003,500.0,1109.0,464,156500,1
222,2018,447.0,1221.0,446,151000,1
223,3045,499.0,1115.0,455,273000,0
224,1547,293.0,706.0,268,217100,0
225,3519,711.0,1883.0,706,187100,0
226,2070,354.0,804.0,340,239600,0
227,1321,263.0,506.0,252,229700,0
228,1694,259.0,610.0,238,257300,0
229,1938,341.0,768.0,332,246900,1
230,968,195.0,462.0,184,179900,0
231,1060,256.0,667.0,235,169600,1
232,2041,405.0,1059.0,399,203300,1
233,1813,271.0,637.0,277,263400,0
234,2718,451.0,1106.0,454,231800,0
235,3144,761.0,1737.0,669,140500,0
236,1802,459.0,1009.0,390,126000,0
237,882,195.0,737.0,210,122000,0
238,1621,452.0,1354.0,491,134700,0
239,2115,533.0,1530.0,474,139400,0
240,2021,528.0,1410.0,480,115400,0
241,2239,508.0,1390.0,569,137300,0
242,1477,300.0,1065.0,269,137000,0
243,1056,224.0,792.0,245,142600,0
244,898,244.0,779.0,245,137500,1
245,2968,710.0,2269.0,610,111700,1
246,1702,460.0,1227.0,407,126800,1
247,881,248.0,753.0,241,111300,1
249,1776,473.0,1807.0,440,102300,1
250,1678,514.0,1700.0,495,131900,1
251,1637,463.0,1543.0,393,119100,1
252,1420,314.0,1085.0,300,80600,1
253,591,173.0,353.0,137,80600,0
254,745,153.0,473.0,149,88800,0
255,2272,498.0,1621.0,483,102400,0
256,1234,375.0,1183.0,354,98700,1
257,1017,328.0,836.0,277,100000,0
258,932,254.0,900.0,263,92300,1
259,2689,597.0,1888.0,537,94800,1
260,1547,415.0,1024.0,341,102000,1
261,2300,443.0,1225.0,423,158400,0
262,1752,399.0,1071.0,376,121600,0
263,1867,403.0,1128.0,378,129100,0
264,2430,502.0,1537.0,484,121400,1
265,1729,414.0,1240.0,393,102800,0
266,1026,180.0,469.0,168,160000,0
267,2170,428.0,1086.0,425,143900,0
268,2329,445.0,1144.0,417,151200,0
269,2492,415.0,1109.0,375,164400,0
270,2198,397.0,984.0,369,156500,0
271,142,31.0,575.0,47,225000,0
272,1183,205.0,496.0,209,174200,0
273,1070,193.0,555.0,190,166900,0
274,1766,332.0,869.0,327,163500,0
275,617,95.0,236.0,106,253000,0
276,1411,233.0,626.0,214,240700,0
277,2109,387.0,922.0,329,208100,0
278,1229,243.0,582.0,256,198100,0
279,954,217.0,546.0,201,172800,0
280,1643,262.0,620.0,266,336700,0
281,1355,195.0,442.0,195,318200,0
282,2317,336.0,955.0,328,285800,0
283,2459,317.0,916.0,324,293000,0
284,12842,2048.0,4985.0,1967,371000,0
285,1524,260.0,651.0,267,157300,0
286,3326,746.0,1704.0,703,135300,0
287,1985,440.0,1085.0,407,136700,0
288,1642,322.0,713.0,284,160700,1
289,893,177.0,468.0,181,140600,1
290,653,128.0,296.0,121,144000,1
292,977,194.0,446.0,180,156300,1
293,2324,397.0,968.0,384,176000,1
294,1583,349.0,857.0,316,145800,0
295,1612,342.0,912.0,322,141900,1
296,2424,533.0,1360.0,452,90700,1
297,1594,367.0,1074.0,355,90600,1
298,2118,413.0,965.0,382,107900,1
299,1575,358.0,933.0,320,107000,1
300,1764,397.0,987.0,354,98200,1
301,1187,261.0,907.0,246,89500,1
302,754,175.0,447.0,165,93800,1
303,2308,452.0,1299.0,451,96700,1
304,909,236.0,396.0,157,97500,1
305,1180,257.0,877.0,268,97300,1
306,2018,408.0,1111.0,367,91200,1
307,1368,282.0,790.0,269,91400,1
308,2744,547.0,1479.0,554,96200,1
309,2107,471.0,1173.0,438,120100,1
310,1748,362.0,1029.0,366,100000,1
311,2024,391.0,1030.0,350,94700,1
312,1116,259.0,826.0,279,85700,1
313,2036,510.0,1412.0,454,89300,1
314,1852,393.0,1132.0,349,101400,1
315,921,207.0,522.0,159,72500,1
316,995,238.0,630.0,237,74100,1
317,606,132.0,531.0,133,70000,1
318,2680,736.0,1925.0,667,84600,1
319,1493,370.0,1144.0,351,81800,1
320,2207,565.0,1481.0,520,81400,1
321,856,189.0,435.0,162,81800,1
322,1293,297.0,984.0,303,85800,1
323,847,212.0,567.0,159,87100,1
324,541,154.0,380.0,123,83500,1
325,1066,253.0,825.0,244,79700,1
326,707,147.0,417.0,155,83400,0
327,1528,291.0,801.0,287,84700,0
328,909,215.0,646.0,198,80000,0
329,1391,293.0,855.0,285,76400,0
330,548,119.0,435.0,136,79700,0
331,4074,874.0,2736.0,780,82400,0
332,1613,445.0,1481.0,414,97700,0
333,463,134.0,327.0,137,97200,0
334,818,193.0,494.0,179,101600,0
335,1473,371.0,1231.0,341,86500,0
336,504,126.0,323.0,109,90500,0
337,1026,226.0,749.0,225,107600,0
338,769,183.0,693.0,178,84200,0
339,2103,391.0,1339.0,354,88900,1
340,330,76.0,282.0,80,80700,1
341,941,218.0,621.0,195,87100,1
343,990,261.0,901.0,260,82000,0
344,1126,263.0,482.0,150,82800,0
345,1036,233.0,652.0,213,84600,0
346,1047,214.0,651.0,166,82100,0
347,1280,307.0,999.0,286,89300,0
348,1587,320.0,907.0,306,98300,0
349,1257,271.0,828.0,230,92300,0
350,1218,248.0,763.0,254,88800,1
351,1751,390.0,935.0,349,90000,1
352,2299,514.0,1437.0,484,95500,1
353,2457,624.0,1516.0,482,91700,0
354,998,211.0,597.0,185,100400,0
355,1685,343.0,949.0,342,94800,0
356,1827,307.0,881.0,302,164300,0
357,2781,574.0,1438.0,519,155500,0
358,1823,286.0,763.0,270,196900,0
359,2229,365.0,1297.0,355,279100,0
360,1513,231.0,545.0,211,252800,0
361,3266,491.0,1222.0,533,275400,0
362,1809,261.0,808.0,219,250000,1
363,794,111.0,329.0,109,329800,1
364,690,105.0,299.0,109,195500,1
366,414,54.0,137.0,50,311100,0
367,768,93.0,229.0,93,330000,0
368,4400,666.0,1476.0,648,248900,0
369,954,161.0,429.0,154,142900,0
370,1445,256.0,849.0,255,126300,0
371,1938,399.0,946.0,331,135800,0
372,856,178.0,571.0,191,130600,0
373,1790,454.0,1137.0,386,107900,0
374,617,131.0,378.0,135,111100,0
375,1383,275.0,853.0,272,122000,0
376,1325,277.0,764.0,282,118000,1
377,1227,294.0,928.0,261,95200,1
378,667,140.0,406.0,133,94300,1
379,1223,281.0,824.0,280,92500,1
380,1379,287.0,835.0,259,91800,0
381,1534,300.0,826.0,295,109400,0
382,1029,181.0,567.0,211,129500,0
383,771,147.0,355.0,144,143400,0
384,824,223.0,533.0,166,98200,0
385,1097,239.0,609.0,215,103100,0
386,1283,238.0,576.0,236,276800,0
387,1604,263.0,594.0,286,270900,0
388,2248,422.0,870.0,377,246200,0
389,2263,522.0,1027.0,509,224200,0
390,1571,349.0,693.0,326,229100,0
391,1520,402.0,815.0,375,211600,0
392,5083,1212.0,2420.0,1146,256100,0
393,1077,293.0,518.0,276,206300,0
394,1248,283.0,620.0,275,221300,0
395,1342,291.0,551.0,266,207400,0
396,3061,930.0,2556.0,924,350000,0
397,3171,698.0,1498.0,696,218200,0
398,1211,261.0,523.0,227,216700,1
399,979,175.0,374.0,153,270600,1
400,2269,380.0,1004.0,371,261400,1
401,1844,332.0,769.0,334,261300,1
402,2178,421.0,940.0,423,232200,0
403,1650,274.0,645.0,256,375400,1
404,1927,279.0,705.0,288,357300,1
405,2079,273.0,684.0,275,374400,1
406,1803,240.0,572.0,236,358800,1
407,2041,270.0,671.0,253,417500,0
408,3046,373.0,975.0,365,430500,0
409,2318,328.0,779.0,312,362900,0
410,2003,250.0,658.0,244,397000,0
411,2261,328.0,819.0,335,346800,0
412,1225,169.0,412.0,168,327100,0
413,2315,408.0,835.0,369,290100,0
414,2070,329.0,722.0,306,292000,0
415,2616,473.0,1085.0,487,270900,0
416,2640,366.0,973.0,355,371100,0
417,1978,293.0,723.0,272,335600,0
418,2220,335.0,903.0,362,371300,0
419,1125,195.0,356.0,181,344000,0
420,3078,494.0,1005.0,462,342200,0
421,3706,531.0,1205.0,504,370900,0
422,3000,457.0,987.0,450,350000,0
423,2863,460.0,1031.0,448,368600,0
424,2551,417.0,894.0,404,391800,0
425,2255,410.0,823.0,377,415300,0
426,3360,648.0,1232.0,621,284900,0
427,1693,391.0,669.0,367,287500,0
428,2252,592.0,989.0,550,272900,0
430,1193,200.0,506.0,207,254500,0
431,1172,215.0,489.0,218,235600,0
432,2159,424.0,824.0,388,218400,1
433,2365,490.0,1034.0,475,229200,1
434,1895,442.0,920.0,425,192100,0
435,1650,395.0,841.0,380,179300,1
436,453,146.0,749.0,137,187500,1
437,409,97.0,208.0,98,138800,1
438,503,118.0,228.0,100,150000,1
439,499,127.0,287.0,128,140600,0
440,477,119.0,218.0,106,120000,0
441,1647,376.0,854.0,355,144800,0
442,3123,749.0,1695.0,684,144800,0
443,957,188.0,403.0,172,245500,0
444,589,132.0,288.0,131,200000,0
445,2026,548.0,963.0,521,173700,0
446,1829,536.0,1129.0,516,185600,0
447,895,198.0,386.0,204,182600,0
448,1909,416.0,811.0,406,227900,0
449,3022,696.0,1293.0,675,220700,0
450,1777,446.0,805.0,431,212000,0
451,2803,930.0,1372.0,876,271400,0
452,1465,439.0,862.0,425,268800,0
453,2619,682.0,1152.0,616,277800,0
454,1149,255.0,483.0,249,332500,0
455,2363,604.0,1558.0,573,338900,0
456,2604,837.0,1798.0,769,287500,1
457,685,141.0,266.0,123,384600,1
459,1204,460.0,2016.0,477,350000,1
460,609,236.0,1349.0,250,500001,0
461,1087,371.0,3337.0,350,175000,0
462,2773,998.0,1721.0,949,241700,0
463,3218,1108.0,1675.0,1000,216700,0
464,1350,368.0,707.0,350,211300,0
465,3084,698.0,1424.0,694,210200,0
466,938,195.0,393.0,189,196400,0
467,1813,353.0,828.0,339,191700,0
468,1233,300.0,571.0,292,182300,0
469,2539,755.0,1382.0,713,175000,0
470,1267,324.0,792.0,321,165900,0
471,1665,404.0,815.0,372,156900,0
472,1659,367.0,788.0,346,164300,0
473,2225,460.0,1145.0,430,150000,0
474,2485,607.0,1354.0,563,150500,0
475,2031,450.0,958.0,445,169900,0
476,2932,668.0,1361.0,608,147400,1
477,2246,472.0,1005.0,449,152700,1
478,2052,435.0,924.0,414,182700,1
479,1999,417.0,780.0,358,179300,0
480,3007,691.0,1582.0,636,157700,0
481,2214,550.0,1213.0,568,153100,0
482,1088,305.0,486.0,267,250000,0
483,834,186.0,494.0,175,206300,0
484,1769,372.0,849.0,365,218800,0
485,2307,583.0,1127.0,548,198200,0
486,5161,1744.0,3276.0,1742,253600,0
487,3497,832.0,1493.0,794,257400,0
488,3774,744.0,1461.0,679,289500,0
489,2888,604.0,1253.0,538,241700,0
490,2153,517.0,1656.0,459,489600,0
491,1389,191.0,514.0,202,446200,0
492,1709,318.0,719.0,295,456300,0
493,1587,444.0,878.0,449,336800,0
494,1668,225.0,517.0,214,500001,0
495,3726,474.0,1366.0,496,500001,0
496,4048,663.0,1316.0,590,376900,1
497,3618,768.0,1508.0,755,309600,1
498,4076,920.0,1800.0,815,182300,1
499,2077,400.0,719.0,326,172700,1
500,1279,300.0,675.0,255,150800,1
501,1974,426.0,875.0,363,153600,1
502,335,83.0,152.0,77,106300,0
503,1375,307.0,843.0,319,142300,0
504,610,145.0,281.0,132,119400,0
505,1025,198.0,506.0,204,147900,0
506,2063,484.0,1054.0,466,132900,0
507,1872,419.0,1017.0,414,132500,0
508,3108,813.0,1623.0,765,126900,0
509,7355,2408.0,3100.0,2051,143800,0
510,2990,379.0,947.0,361,500001,0
511,2492,310.0,808.0,315,500001,0
512,2991,335.0,1018.0,335,500001,0
513,3242,366.0,1001.0,352,500001,0
514,3051,381.0,1005.0,369,466100,0
515,3494,396.0,1192.0,383,500001,0
516,1757,246.0,585.0,227,457800,0
517,2449,312.0,916.0,316,471600,1
518,1611,203.0,556.0,179,500001,1
520,2474,403.0,1104.0,398,340700,1
521,3037,516.0,1242.0,518,289900,1
522,2269,323.0,805.0,321,335300,0
523,1316,177.0,378.0,162,333000,0
524,1153,235.0,481.0,223,241000,0
525,772,179.0,409.0,160,189600,0
526,1711,386.0,885.0,373,206300,1
527,2650,566.0,1468.0,567,215700,1
528,1038,220.0,482.0,215,210200,1
529,1527,320.0,825.0,264,208800,0
530,859,157.0,429.0,158,197900,0
531,970,217.0,528.0,208,201300,0
532,1045,239.0,496.0,216,190800,1
533,1408,280.0,718.0,265,207900,1
534,1222,264.0,630.0,265,215300,0
535,1169,263.0,723.0,286,212900,0
536,2020,535.0,959.0,486,292700,1
537,4145,869.0,3668.0,855,275000,0
538,2038,368.0,2037.0,355,200000,1
540,1241,309.0,821.0,300,102200,1
541,1468,363.0,870.0,347,220800,0
542,3997,1073.0,1901.0,966,242800,1
543,2873,763.0,1243.0,663,265400,1
544,1487,306.0,730.0,327,219000,1
545,1670,350.0,793.0,299,282100,1
546,2252,388.0,1033.0,434,372000,1
547,1731,377.0,872.0,363,225800,1
548,1710,481.0,849.0,457,220800,0
549,2388,559.0,1121.0,518,234500,0
550,2156,458.0,872.0,445,254200,0
551,1565,315.0,637.0,297,351800,0
552,1704,371.0,663.0,340,275000,0
553,1210,168.0,411.0,172,405400,0
554,2097,444.0,915.0,413,228100,0
555,1848,479.0,921.0,477,234000,0
556,955,284.0,585.0,266,162500,0
557,4329,1110.0,2086.0,1053,243400,0
558,3011,542.0,1303.0,535,273800,0
559,1049,185.0,374.0,176,248500,0
560,2504,516.0,979.0,472,244000,0
561,1846,471.0,827.0,446,240900,0
562,1705,246.0,658.0,253,306300,0
563,1542,289.0,654.0,268,240000,1
564,891,300.0,384.0,146,247100,1
565,4051,753.0,1499.0,797,286600,1
566,2646,581.0,1128.0,522,266700,1
567,2428,525.0,1110.0,492,229800,0
568,2567,436.0,1119.0,415,229300,0
569,7031,1249.0,2930.0,1235,228400,0
570,1914,365.0,897.0,390,206200,0
571,18634,2885.0,7427.0,2718,350700,0
572,5785,1379.0,2973.0,1312,231000,0
573,2876,648.0,1340.0,632,252900,0
574,6909,1554.0,2974.0,1484,353900,0
575,5679,1270.0,2690.0,1151,291700,0
576,1156,365.0,583.0,326,100000,1
577,14316,2045.0,5781.0,2007,341600,1
578,3596,467.0,1738.0,512,412500,0
579,3541,570.0,1478.0,529,248600,1
580,1808,302.0,746.0,270,254900,0
581,2879,480.0,1235.0,455,241500,1
582,3204,477.0,1411.0,484,295200,0
583,3866,531.0,1368.0,521,340400,0
584,2476,368.0,1048.0,367,274700,0
585,2211,350.0,1004.0,365,238600,0
586,2663,387.0,1086.0,367,266400,0
587,2599,366.0,922.0,350,330200,0
588,4569,824.0,1950.0,819,206800,0
589,2973,622.0,1413.0,595,209200,0
590,3115,625.0,1444.0,568,195800,0
591,1843,282.0,749.0,269,253500,0
592,2053,336.0,867.0,329,241800,0
593,6740,1073.0,2723.0,1035,252500,0
594,1751,269.0,731.0,263,263900,0
595,1663,295.0,781.0,301,227000,0
596,3716,657.0,1784.0,652,220900,0
597,2718,447.0,1156.0,410,259300,0
598,1420,272.0,645.0,277,232500,0
599,1893,310.0,821.0,315,231600,0
600,3906,790.0,1912.0,770,209400,1
602,3402,758.0,1645.0,710,209900,0
603,4413,1107.0,2239.0,1051,208200,1
604,2304,618.0,1021.0,552,203800,0
605,2350,499.0,1105.0,467,195700,0
606,5914,1309.0,2999.0,1295,190500,0
607,1575,324.0,740.0,284,181000,0
608,1414,274.0,629.0,244,184900,0
609,848,202.0,314.0,205,190800,0
610,3051,685.0,1479.0,668,242200,0
611,4296,817.0,1732.0,800,188300,0
612,2898,557.0,1338.0,550,183500,0
613,1071,201.0,440.0,192,204200,0
614,2619,403.0,922.0,393,251900,0
615,1494,316.0,611.0,288,187500,0
616,2260,416.0,994.0,412,198200,0
617,1394,223.0,545.0,230,219000,0
618,1028,129.0,317.0,143,275000,0
619,3758,819.0,1573.0,736,245400,0
620,2163,470.0,925.0,435,177500,1
621,1699,408.0,768.0,385,171600,1
622,1555,289.0,620.0,292,183300,1
623,1114,206.0,425.0,207,175000,1
624,1498,313.0,1003.0,305,156700,0
625,726,147.0,519.0,135,157500,0
626,890,200.0,481.0,198,179800,0
627,2639,533.0,1209.0,519,205500,0
628,2562,554.0,1398.0,525,178900,0
629,361,69.0,158.0,58,262500,0
630,3008,659.0,1817.0,664,165000,0
631,1369,284.0,766.0,289,159700,0
632,1692,398.0,814.0,328,158300,0
633,1007,245.0,618.0,239,144800,0
634,3783,814.0,2139.0,789,166300,0
635,1507,242.0,632.0,253,191000,0
636,666,132.0,366.0,134,175000,0
637,2229,601.0,877.0,485,137500,1
638,2215,587.0,830.0,573,141700,1
639,1616,372.0,739.0,379,210900,0
640,1190,251.0,540.0,266,198300,0
641,4169,1047.0,2024.0,962,157400,0
642,2024,320.0,823.0,334,264700,1
643,1723,394.0,711.0,353,218400,0
644,2264,390.0,931.0,368,235100,0
645,1996,268.0,686.0,270,341800,0
646,2862,394.0,1030.0,397,367300,0
647,2183,383.0,976.0,392,243500,0
648,1037,207.0,552.0,210,167900,0
649,1134,153.0,340.0,171,371200,0
650,786,132.0,288.0,132,218900,0
651,1397,253.0,555.0,248,202700,0
652,2315,451.0,1006.0,444,186200,0
653,1613,339.0,776.0,346,188900,0
654,1421,298.0,609.0,270,180000,0
655,5778,1526.0,2441.0,1352,202700,0
656,3094,866.0,1364.0,789,181700,0
657,3905,1007.0,2197.0,1044,166800,0
658,3046,557.0,1333.0,544,183700,1
659,3516,710.0,1810.0,703,218000,1
660,998,178.0,531.0,183,191500,0
661,1464,244.0,672.0,261,194700,0
662,1463,292.0,695.0,330,187200,0
663,4124,1054.0,2162.0,998,223100,0
664,2380,769.0,1216.0,643,271300,0
665,1266,228.0,606.0,239,194100,0
666,2239,391.0,1203.0,379,190400,0
667,1571,317.0,874.0,301,189100,0
669,1501,287.0,703.0,276,197300,0
670,1468,252.0,733.0,229,192600,0
671,1118,219.0,625.0,228,192200,0
672,1097,208.0,568.0,225,194600,0
673,1719,303.0,836.0,311,193500,0
674,1755,365.0,952.0,362,202600,1
675,1687,348.0,568.0,352,83300,1
676,2262,391.0,1125.0,366,212600,0
677,2087,407.0,840.0,401,187800,0
678,1480,278.0,796.0,283,205700,1
679,1545,273.0,863.0,267,192900,0
680,2632,447.0,1349.0,486,205200,0
681,2261,443.0,929.0,383,213400,1
682,1670,308.0,957.0,335,183600,0
683,2141,535.0,1093.0,555,178400,0
684,3337,613.0,1489.0,607,219200,0
685,3184,716.0,1561.0,628,183100,1
686,2341,500.0,1256.0,485,157100,1
687,1197,269.0,695.0,279,157800,1
688,1131,278.0,560.0,237,161700,0
689,1164,284.0,632.0,289,152100,0
690,3495,787.0,1849.0,750,144900,0
691,2488,617.0,1287.0,538,179900,0
692,2681,508.0,1580.0,536,179100,0
693,2495,635.0,1571.0,579,159900,0
694,1689,461.0,828.0,443,161400,0
695,1298,306.0,835.0,338,170400,0
696,2693,789.0,1765.0,724,137500,0
698,2444,651.0,1562.0,618,155200,0
699,1472,310.0,768.0,309,160900,0
700,2227,560.0,1140.0,472,167300,0
701,200,25.0,83.0,31,340000,0
702,1283,194.0,485.0,171,431000,0
703,2445,590.0,1189.0,573,301100,0
704,1307,236.0,586.0,249,241900,0
705,3785,936.0,2240.0,792,162500,0
706,2031,357.0,867.0,352,299200,0
707,8299,1326.0,3827.0,1288,315500,0
708,7518,1279.0,3827.0,1294,216800,1
709,1815,426.0,1280.0,431,218100,1
710,5367,1207.0,2667.0,1047,170300,1
711,1167,370.0,253.0,137,275000,0
712,2607,682.0,1401.0,607,184100,0
713,493,168.0,233.0,152,160000,0
714,1252,305.0,673.0,308,175000,0
715,1382,353.0,704.0,314,197500,0
716,500,110.0,273.0,120,150000,0
717,2333,538.0,1120.0,540,205600,0
718,1834,463.0,1105.0,467,170300,0
719,1415,348.0,569.0,293,190900,0
720,1352,342.0,691.0,324,196900,0
721,2116,503.0,1109.0,448,174000,0
722,1976,481.0,1197.0,465,170200,0
723,1779,413.0,1061.0,400,180900,1
724,3659,897.0,2479.0,903,150500,0
725,1892,428.0,1162.0,389,167100,0
726,1958,484.0,1146.0,448,148900,0
727,1553,253.0,724.0,267,196400,0
728,2412,394.0,975.0,375,191100,0
729,2110,389.0,952.0,370,187500,0
730,2179,401.0,1159.0,399,180600,0
731,2457,445.0,1129.0,422,182800,0
732,2147,399.0,1175.0,401,179300,0
733,1676,340.0,924.0,328,179400,0
734,2976,518.0,1424.0,538,210300,0
735,3036,533.0,1366.0,500,192300,0
736,2472,398.0,1171.0,390,198100,1
737,1487,249.0,641.0,243,196200,1
738,2012,347.0,880.0,332,181600,1
739,3342,540.0,1635.0,557,186900,0
740,3156,534.0,1495.0,543,188300,0
741,1748,318.0,914.0,317,184000,0
742,3429,681.0,1798.0,694,184700,0
743,3592,703.0,1625.0,665,179900,0
744,1035,247.0,599.0,224,167200,0
745,3028,811.0,2037.0,703,165400,0
746,2431,655.0,1854.0,603,154000,1
747,2069,500.0,1408.0,478,153500,1
748,1340,313.0,766.0,271,135400,1
749,1160,259.0,725.0,274,158300,1
750,2015,318.0,1019.0,340,240700,1
751,3882,816.0,1830.0,743,180700,0
752,3239,671.0,1469.0,616,230600,0
753,2932,739.0,1198.0,624,210800,0
754,2104,409.0,1039.0,394,165300,0
755,1694,251.0,690.0,242,254200,0
756,3000,419.0,1155.0,415,332600,0
757,2419,348.0,1066.0,384,350000,0
758,2280,610.0,1255.0,587,161200,0
759,5031,1168.0,2461.0,1042,179300,0
760,1547,372.0,1063.0,356,154300,1
761,3300,790.0,2181.0,740,161800,1
762,5018,1439.0,3069.0,1299,161900,1
763,1813,393.0,1093.0,374,165400,1
764,1997,436.0,1349.0,437,166600,0
765,901,191.0,599.0,206,149700,0
766,686,142.0,480.0,149,162100,0
767,1954,464.0,1293.0,448,152600,0
768,2630,722.0,1414.0,634,195200,0
769,1130,192.0,543.0,184,190600,0
770,1184,200.0,572.0,194,193800,0
771,656,115.0,342.0,112,200600,0
772,2544,643.0,2332.0,603,150000,0
773,1305,225.0,768.0,234,185300,0
774,1755,316.0,913.0,299,172700,0
775,2843,652.0,1726.0,643,174100,0
776,2538,494.0,1185.0,501,194400,0
777,1784,311.0,735.0,278,206700,0
778,1797,327.0,796.0,319,204500,0
779,410,76.0,252.0,82,175000,0
780,162,27.0,86.0,25,137500,0
781,9963,2031.0,5613.0,1946,187200,0
782,2361,458.0,1727.0,467,173600,0
783,862,167.0,407.0,183,163000,0
784,4335,808.0,2041.0,734,331600,0
785,1487,280.0,854.0,301,197600,0
786,3592,849.0,1907.0,746,197900,0
787,432,102.0,264.0,77,228100,0
788,1457,242.0,735.0,249,189500,0
789,1578,284.0,836.0,292,184200,0
790,2172,435.0,1377.0,408,180900,0
791,1340,245.0,789.0,248,172000,1
792,1116,199.0,662.0,226,177900,1
793,1885,307.0,853.0,271,173100,1
794,1180,212.0,664.0,200,172600,0
795,5267,1253.0,4065.0,1113,182100,0
796,1897,440.0,1109.0,418,179500,0
797,767,171.0,548.0,185,176000,0
798,691,127.0,431.0,149,192600,0
799,786,133.0,463.0,160,182700,0
800,5861,1516.0,5436.0,1463,134900,0
801,2784,723.0,2028.0,693,157600,0
802,4524,860.0,2426.0,862,190900,0
803,1468,304.0,1038.0,282,158200,0
804,1655,450.0,857.0,430,350000,0
805,1227,286.0,848.0,291,158200,0
806,1160,252.0,729.0,220,146100,0
807,952,172.0,369.0,159,226700,0
808,2072,352.0,1001.0,350,198700,0
809,2964,547.0,1472.0,527,221200,0
810,1032,173.0,453.0,176,208500,0
811,657,118.0,328.0,134,204200,0
812,1540,324.0,793.0,302,193200,0
813,1298,236.0,632.0,204,209500,1
814,1409,271.0,1002.0,281,164900,1
816,1151,216.0,727.0,215,187000,1
817,899,179.0,455.0,185,190400,1
818,1793,364.0,1534.0,346,156600,1
819,2485,518.0,1139.0,550,157300,0
820,1931,376.0,1175.0,337,168100,0
821,2329,465.0,1401.0,453,177600,0
822,6711,1374.0,3388.0,1289,208900,0
823,1939,356.0,841.0,364,169200,0
824,1642,346.0,705.0,351,163900,0
825,1619,293.0,1148.0,310,164700,0
826,517,108.0,391.0,107,156900,0
827,1570,274.0,992.0,249,168800,0
828,1213,221.0,790.0,243,174100,0
829,1826,309.0,1016.0,313,206500,0
830,2261,443.0,1039.0,395,203900,0
831,3666,711.0,2341.0,703,217000,0
832,1633,345.0,1382.0,338,159600,0
833,2155,522.0,1858.0,437,159800,0
834,1295,280.0,1156.0,300,154300,0
835,1295,295.0,1097.0,328,149600,1
836,1518,302.0,831.0,268,188600,1
837,3314,638.0,1873.0,602,238500,1
838,3009,497.0,1640.0,514,235300,0
839,2605,474.0,1568.0,433,261400,0
840,5159,832.0,3174.0,817,234400,0
841,1726,276.0,1186.0,310,231700,0
842,1816,365.0,1367.0,355,156300,0
843,2578,551.0,1680.0,528,222000,0
844,2576,418.0,1657.0,410,254400,0
845,1644,251.0,1033.0,267,244300,0
846,1606,240.0,1117.0,268,247000,0
847,3349,544.0,2003.0,488,236500,0
848,3475,686.0,2568.0,653,151400,0
849,1893,338.0,1461.0,344,213700,0
850,1727,302.0,1116.0,273,243600,0
851,6243,1273.0,3163.0,1274,212500,0
852,2077,383.0,1488.0,389,214700,0
853,1165,333.0,855.0,319,213200,0
854,4371,889.0,2530.0,817,256000,0
855,838,295.0,240.0,149,237500,0
856,3052,760.0,2097.0,728,178100,0
857,4313,717.0,2629.0,721,231800,1
858,385,94.0,295.0,92,147900,0
859,3046,678.0,2056.0,628,191700,0
860,4342,783.0,2172.0,789,247600,0
861,3575,597.0,1777.0,559,283500,0
862,4126,1031.0,2079.0,975,216900,0
863,2878,478.0,1276.0,485,282500,0
864,4405,717.0,2071.0,688,295600,0
865,16199,2993.0,8117.0,2847,281800,0
866,14917,2708.0,8012.0,2606,269800,0
867,5719,1064.0,3436.0,1057,231200,0
868,8647,1407.0,5019.0,1379,318300,0
869,8112,1376.0,4576.0,1348,253400,0
870,10648,1818.0,6075.0,1797,278200,0
871,1150,311.0,648.0,245,300000,0
872,14014,2861.0,7205.0,2753,273500,1
873,4332,857.0,2461.0,829,223400,0
874,1716,312.0,914.0,316,214500,0
875,4981,964.0,2841.0,924,220200,1
876,8444,1492.0,4446.0,1491,240300,1
877,3028,778.0,1531.0,736,158000,1
878,2068,532.0,1434.0,495,224200,0
879,1325,274.0,909.0,267,177200,1
880,2563,485.0,1174.0,501,216100,0
881,5505,1005.0,2641.0,971,269700,0
882,6462,1294.0,3288.0,1235,231200,0
883,3746,993.0,1606.0,838,162500,0
884,8918,1823.0,4518.0,1772,254000,0
885,1949,344.0,986.0,322,196200,0
886,4924,1247.0,3080.0,1182,189400,0
887,5133,1375.0,3386.0,1339,220800,0
888,6647,2098.0,4649.0,1903,213800,0
889,5674,748.0,2412.0,714,442900,0
890,10687,1540.0,4552.0,1520,333400,0
891,1354,192.0,596.0,220,352400,0
892,3715,526.0,1631.0,538,305300,0
893,2095,342.0,941.0,304,259600,0
894,3517,645.0,1724.0,585,248900,0
895,2537,382.0,1067.0,410,356000,0
896,5106,1207.0,2738.0,1108,236000,0
897,2215,475.0,1278.0,492,218800,0
898,2949,529.0,1538.0,545,228000,0
899,2375,652.0,1252.0,586,235900,1
900,2312,496.0,1344.0,467,203200,1
901,2277,420.0,1353.0,413,197000,1
902,2506,387.0,1273.0,406,236400,1
903,2829,566.0,1610.0,540,223200,1
904,3179,703.0,2142.0,639,222700,1
905,2332,371.0,1285.0,404,225000,1
906,3584,715.0,1673.0,661,240100,1
907,3046,507.0,1772.0,516,227900,0
908,2414,415.0,1106.0,453,268600,0
909,4133,744.0,2023.0,749,275100,0
910,2791,495.0,1276.0,468,256300,0
911,6103,1249.0,3026.0,1134,332400,1
912,2572,406.0,1128.0,395,287600,1
913,1910,371.0,852.0,357,298900,1
914,1890,303.0,889.0,314,287600,1
915,5405,939.0,2831.0,923,222200,0
916,3761,623.0,1776.0,613,232600,1
917,3333,511.0,1671.0,504,258300,0
918,4925,948.0,2530.0,894,230900,0
919,3994,764.0,2721.0,763,196900,0
920,5811,1125.0,3215.0,1086,223500,0
921,4211,741.0,2352.0,734,223900,0
922,5532,973.0,2855.0,960,243500,0
923,28258,3864.0,12203.0,3701,451100,0
924,4909,577.0,1981.0,591,500001,0
925,7441,1588.0,3571.0,1466,193100,0
926,4314,676.0,1972.0,623,264400,0
927,2016,322.0,1105.0,357,246900,0
928,5377,744.0,2759.0,760,337300,0
929,9167,1373.0,4319.0,1404,284800,0
930,3087,532.0,1597.0,483,217300,0
931,3170,532.0,1446.0,515,291700,0
932,2145,369.0,1285.0,377,223800,0
933,4209,731.0,2568.0,703,223100,0
934,4247,835.0,2357.0,823,211300,0
935,4458,922.0,2998.0,890,218500,1
936,407,97.0,307.0,100,156300,1
937,6483,1068.0,3526.0,1060,248200,1
938,1867,343.0,1213.0,338,186000,1
939,2918,672.0,1911.0,639,178200,1
940,2316,478.0,1524.0,467,190400,1
941,1240,264.0,719.0,236,210300,1
942,4458,856.0,3038.0,870,208000,1
943,1746,437.0,1268.0,404,183300,1
945,4572,712.0,2346.0,709,245700,1
946,4280,673.0,2216.0,681,242200,1
947,6352,1390.0,3223.0,1316,181700,1
948,7477,1576.0,2937.0,1506,299400,1
949,4638,716.0,2302.0,687,219500,1
950,4377,668.0,2038.0,671,231800,1
951,3816,637.0,1935.0,642,221300,1
952,2806,459.0,1453.0,444,213800,1
953,4822,845.0,2288.0,805,206000,1
954,6473,1027.0,2484.0,970,271100,1
955,8072,1050.0,3386.0,1062,336500,1
956,1280,209.0,512.0,208,315600,1
957,3166,424.0,1081.0,400,500001,1
958,3742,555.0,1590.0,559,285400,0
959,7397,1137.0,3126.0,1115,323000,0
960,1655,223.0,706.0,219,291900,0
961,2456,582.0,793.0,456,225600,0
962,2179,308.0,926.0,299,259600,1
963,1804,254.0,831.0,260,262900,1
964,3631,547.0,1700.0,520,257300,1
965,2876,423.0,1395.0,427,259200,0
966,7490,1207.0,3329.0,1136,339700,1
967,2234,270.0,854.0,286,337200,1
968,1898,239.0,734.0,245,334100,1
969,4070,624.0,1543.0,577,311500,1
970,2244,301.0,937.0,324,296900,0
971,2948,471.0,1181.0,474,247900,0
972,2034,288.0,852.0,295,300400,1
973,2130,273.0,876.0,285,332400,1
974,9540,1294.0,3926.0,1229,389800,1
975,2702,680.0,1360.0,642,233000,1
976,522,116.0,161.0,102,238500,1
977,775,134.0,315.0,123,233300,0
978,1565,464.0,769.0,461,231300,1
979,1309,184.0,514.0,172,475800,1
980,5519,833.0,2444.0,825,393200,1
981,4337,800.0,1813.0,743,247200,1
982,1812,294.0,853.0,278,229400,1
983,4719,741.0,1895.0,742,282500,1
984,404,74.0,144.0,58,125000,1
985,4236,701.0,1833.0,663,300600,1
986,3634,664.0,1699.0,640,293200,1
987,1569,242.0,583.0,214,278500,1
988,13182,2074.0,4847.0,1950,352900,1
989,228,40.0,83.0,42,400000,1
990,127,23.0,51.0,21,375000,1
991,9621,1344.0,4389.0,1391,313700,1
992,6159,1510.0,2649.0,1241,139300,1
993,4290,554.0,1952.0,576,327500,1
994,1786,306.0,771.0,279,430600,1
996,1671,352.0,729.0,252,450000,1
997,5608,1049.0,2595.0,1067,200200,0
998,12070,2220.0,5826.0,2125,192400,1
999,494,81.0,254.0,85,418800,1
1000,5533,943.0,2474.0,910,216800,1
1001,3956,639.0,2222.0,662,215500,1
